"","date","daily_consumption"
"1",2020-10-29,0.006
"2",2020-10-30,2.345
"3",2020-10-31,2.936
"4",2020-11-01,2.751
"5",2020-11-02,2.433
"6",2020-11-03,2.57
"7",2020-11-04,1.398
"8",2020-11-05,2.193
"9",2020-11-06,0
"10",2020-11-07,2.84
"11",2020-11-08,3.463
"12",2020-11-09,1.752
"13",2020-11-10,2.664
"14",2020-11-11,2.545
"15",2020-11-12,2.685
"16",2020-11-13,2.072
"17",2020-11-14,2.632
"18",2020-11-15,3.254
"19",2020-11-16,3.1
"20",2020-11-17,2.18
"21",2020-11-18,1.302
"22",2020-11-19,2.233
"23",2020-11-20,2.636
"24",2020-11-21,3.088
"25",2020-11-22,2.276
"26",2020-11-23,3.551
"27",2020-11-24,2.063
"28",2020-11-25,2.991
"29",2020-11-26,3.353
"30",2020-11-27,2.906
"31",2020-11-28,3.844
"32",2020-11-29,2.82
"33",2020-11-30,4.628
"34",2020-12-01,3.762
"35",2020-12-02,2.692
"36",2020-12-03,4.891
"37",2020-12-04,2.74
"38",2020-12-05,3.724
"39",2020-12-06,4.544
"40",2020-12-07,3.275
"41",2020-12-08,3.46
"42",2020-12-09,4.515
"43",2020-12-10,4.34
"44",2020-12-11,2.929
"45",2020-12-12,3.689
"46",2020-12-13,4.058
"47",2020-12-16,0.002
"48",2020-12-17,3.163
"49",2020-12-18,2.112
"50",2020-12-19,3.34
"51",2020-12-20,3.78
"52",2020-12-21,2.959
"53",2020-12-22,2.947
"54",2020-12-23,2.553
"55",2020-12-24,4.798
"56",2020-12-25,4.765
"57",2020-12-26,4.158
"58",2020-12-27,3.569
"59",2020-12-28,6.069
"60",2020-12-29,5.102
"61",2020-12-30,4.846
"62",2020-12-31,4.703
"63",2021-01-01,5.686
"64",2021-01-02,4.601
"65",2021-01-03,2.932
"66",2021-01-04,4.976
"67",2021-01-05,5.102
"68",2021-01-06,4.544
"69",2021-01-07,4.829
"70",2021-01-08,4.49
"71",2021-01-09,4.679
"72",2021-01-10,4.962
"73",2021-01-11,4.297
"74",2021-01-12,3.884
"75",2021-01-13,4.48
"76",2021-01-14,5.5
"77",2021-01-15,4.184
"78",2021-01-16,5.605
"79",2021-01-17,4.15
"80",2021-01-18,4.519
"81",2021-01-19,4.582
"82",2021-01-20,3.42
"83",2021-01-21,4.014
"84",2021-01-22,4.126
"85",2021-01-23,4.613
"86",2021-01-24,3.092
"87",2021-01-25,5.123
"88",2021-01-26,0
"89",2021-01-27,4.393
"90",2021-01-28,3.196
"91",2021-01-29,3.114
"92",2021-01-30,4.054
"93",2021-01-31,4.345
"94",2021-02-01,4.372
"95",2021-02-02,4.725
"96",2021-02-03,3.329
"97",2021-02-04,3.803
"98",2021-02-05,3.465
"99",2021-02-06,3.861
"100",2021-02-07,3.081
"101",2021-02-08,5.619
"102",2021-02-09,4.616
"103",2021-02-10,4.607
"104",2021-02-11,5.58
"105",2021-02-12,5.654
"106",2021-02-13,5.438
"107",2021-02-14,4.743
"108",2021-02-15,6.778
"109",2021-02-16,3.427
"110",2021-02-17,3.382
"111",2021-02-18,5.65
"112",2021-02-19,3.653
"113",2021-02-20,4.054
"114",2021-02-21,2.055
"115",2021-02-22,2.683
"116",2021-02-23,3.232
"117",2021-02-24,3.399
"118",2021-02-25,2.539
"119",2021-02-26,2.795
"120",2021-02-27,3.872
"121",2021-02-28,2.408
"122",2021-03-01,3.523
"123",2021-03-02,4.502
"124",2021-03-03,0
"125",2021-03-04,2.806
"126",2021-03-05,0.002
"127",2021-03-06,2.448
"128",2021-03-07,4.102
"129",2021-03-08,0.006
"130",2021-03-09,3.053
"131",2021-03-10,2.199
"132",2021-03-11,3.237
"133",2021-03-12,2.084
"134",2021-03-13,4.242
"135",2021-03-14,2.175
"136",2021-03-15,3.201
"137",2021-03-16,2.854
"138",2021-03-17,0
"139",2021-03-18,2.832
"140",2021-03-19,1.906
"141",2021-03-20,3.314
"142",2021-03-21,3.359
"143",2021-03-22,3.822
"144",2021-03-23,2.737
"145",2021-03-24,2.459
"146",2021-03-25,3.236
"147",2021-03-26,2.317
"148",2021-03-27,3.17
"149",2021-03-28,3.554
"150",2021-03-29,1.594
"151",2021-03-30,1.72
"152",2021-03-31,0.849
"153",2021-04-01,1.875
"154",2021-04-02,3.636
"155",2021-04-03,3.121
"156",2021-04-04,3.553
"157",2021-04-05,2.457
"158",2021-04-06,4.227
"159",2021-04-07,2.672
"160",2021-04-08,2.565
"161",2021-04-09,3.427
"162",2021-04-12,0
"163",2021-04-13,2.624
"164",2021-04-14,2.746
"165",2021-04-15,2.33
"166",2021-04-16,2.381
"167",2021-04-17,2.323
"168",2021-04-18,3.341
"169",2021-04-19,1.499
"170",2021-04-20,1.34
"171",2021-04-21,2.023
"172",2021-04-22,0.02
"173",2021-04-23,1.588
"174",2021-04-24,2.965
"175",2021-04-25,1.427
"176",2021-04-26,0.86
"177",2021-04-27,0.104
"178",2021-04-28,0.935
"179",2021-04-29,0.227
"180",2021-04-30,0.626
"181",2021-05-01,0.513
"182",2021-05-02,1.279
"183",2021-05-03,1.614
"184",2021-05-04,1.43
"185",2021-05-05,0.605
"186",2021-05-06,0.683
"187",2021-05-07,0.416
"188",2021-05-08,0.431
"189",2021-05-09,0.104
"190",2021-05-10,0.523
"191",2021-05-11,0.748
"192",2021-05-12,0.521
"193",2021-05-13,1.056
"194",2021-05-14,0.589
"195",2021-05-15,0.077
"196",2021-05-16,1.273
"197",2021-05-17,0.125
"198",2021-05-18,0.135
"199",2021-05-19,0.258
"200",2021-05-20,1.03
"201",2021-05-21,1.926
"202",2021-05-22,1.568
"203",2021-05-23,0.272
"204",2021-05-24,0.123
"205",2021-05-25,0.647
"206",2021-05-26,0.532
"207",2021-05-27,0.591
"208",2021-05-28,0.778
"209",2021-05-29,0
"210",2021-05-30,0
"211",2021-05-31,0.592
"212",2021-06-01,0.167
"213",2021-06-02,0.406
"214",2021-06-03,0.555
"215",2021-06-04,0.117
"216",2021-06-05,0.148
"217",2021-06-06,0.343
"218",2021-06-07,0.191
"219",2021-06-08,0.049
"220",2021-06-09,0.196
"221",2021-06-10,0.012
"222",2021-06-11,0.64
"223",2021-06-12,0.399
"224",2021-06-13,0.542
"225",2021-06-14,0.308
"226",2021-06-15,1.202
"227",2021-06-16,0.391
"228",2021-06-17,0.196
"229",2021-06-18,0.168
"230",2021-06-19,1.012
"231",2021-06-20,1.718
"232",2021-06-21,0.153
"233",2021-06-22,0.742
"234",2021-06-23,0.805
"235",2021-06-24,0.091
"236",2021-06-25,0
"237",2021-06-26,0
"238",2021-06-27,0
"239",2021-06-28,0.432
"240",2021-06-29,0.946
"241",2021-06-30,0.165
"242",2021-07-01,0.853
"243",2021-07-02,0.168
"244",2021-07-03,1.162
"245",2021-07-04,1.074
"246",2021-07-05,0.326
"247",2021-07-06,0.162
"248",2021-07-07,0.563
"249",2021-07-08,0.724
"250",2021-07-09,0.054
"251",2021-07-10,0.028
"252",2021-07-11,0.88
"253",2021-07-12,0.315
"254",2021-07-13,0.383
"255",2021-07-14,0.644
"256",2021-07-15,0.38
"257",2021-07-16,0.761
"258",2021-07-17,0.9
"259",2021-07-18,0.629
"260",2021-07-19,1.398
"261",2021-07-20,0.419
"262",2021-07-21,0.114
"263",2021-07-22,0.776
"264",2021-07-23,0.61
"265",2021-07-24,0.714
"266",2021-07-25,0.442
"267",2021-07-26,0.094
"268",2021-07-27,0.516
"269",2021-07-28,0.694
"270",2021-07-29,0.269
"271",2021-07-30,0.806
"272",2021-07-31,0.513
"273",2021-08-01,0.48
"274",2021-08-02,0.421
"275",2021-08-03,0.234
"276",2021-08-04,0.133
"277",2021-08-05,0.277
"278",2021-08-06,0.067
"279",2021-08-07,0.535
"280",2021-08-08,0.239
"281",2021-08-09,0.267
"282",2021-08-10,0.755
"283",2021-08-11,0.65
"284",2021-08-12,0.435
"285",2021-08-13,0.154
"286",2021-08-14,1.166
"287",2021-08-15,0.673
"288",2021-08-16,0.162
"289",2021-08-17,0.953
"290",2021-08-18,0.233
"291",2021-08-19,1.309
"292",2021-08-20,0.482
"293",2021-08-21,0.4
"294",2021-08-22,0.41
"295",2021-08-23,0.459
"296",2021-08-24,0.218
"297",2021-08-25,0.342
"298",2021-08-26,0.965
"299",2021-08-27,0.478
"300",2021-08-28,0.09
"301",2021-08-29,0.18
"302",2021-08-30,0.697
"303",2021-08-31,0.1
"304",2021-09-01,0.225
"305",2021-09-02,0.287
"306",2021-09-03,0.029
"307",2021-09-04,1.333
"308",2021-09-05,0.555
"309",2021-09-06,0.402
"310",2021-09-07,0.616
"311",2021-09-08,0.647
"312",2021-09-09,0.243
"313",2021-09-10,0
"314",2021-09-11,0.262
"315",2021-09-12,0.505
"316",2021-09-13,0.479
"317",2021-09-14,1.043
"318",2021-09-15,0.74
"319",2021-09-16,0.158
"320",2021-09-17,0.32
"321",2021-09-18,0.488
"322",2021-09-19,0.687
"323",2021-09-20,0.171
"324",2021-09-21,0
"325",2021-09-22,0.19
"326",2021-09-23,0.424
"327",2021-09-24,0.879
"328",2021-09-25,0.749
"329",2021-09-26,1.427
"330",2021-09-27,0.424
"331",2021-09-28,0.154
"332",2021-09-29,0.554
"333",2021-09-30,0.118
"334",2021-10-01,0.457
"335",2021-10-02,1.62
"336",2021-10-03,0.421
"337",2021-10-04,1.058
"338",2021-10-05,0.712
"339",2021-10-06,0.699
"340",2021-10-07,0.392
"341",2021-10-08,0.602
"342",2021-10-09,1.019
"343",2021-10-10,0.903
"344",2021-10-11,0.39
"345",2021-10-12,0.531
"346",2021-10-13,0.801
"347",2021-10-14,1.059
"348",2021-10-15,0.369
"349",2021-10-16,0.822
"350",2021-10-17,1.204
"351",2021-10-18,1.155
"352",2021-10-19,0.98
"353",2021-10-20,0.374
"354",2021-10-21,0.383
"355",2021-10-22,0.543
"356",2021-10-23,0.57
"357",2021-10-24,0.144
"358",2021-10-25,0.424
"359",2021-10-26,0.699
"360",2021-10-27,0.919
"361",2021-10-28,0.489
"362",2021-10-29,0.898
"363",2021-10-30,0.757
"364",2021-10-31,1.047
"365",2021-11-01,0.774
"366",2021-11-02,1.314
"367",2021-11-03,2.536
"368",2021-11-04,1.355
"369",2021-11-05,2.057
"370",2021-11-06,1.326
"371",2021-11-07,2.475
"372",2021-11-08,2.253
"373",2021-11-09,1.319
"374",2021-11-10,0.614
"375",2021-11-11,2.056
"376",2021-11-12,2.081
"377",2021-11-13,0.819
"378",2021-11-14,1.52
"379",2021-11-15,0.664
"380",2021-11-16,0.732
"381",2021-11-17,1.322
"382",2021-11-18,1.52
"383",2021-11-19,1.53
"384",2021-11-20,1.375
"385",2021-11-21,3.299
"386",2021-11-22,2.095
"387",2021-11-23,0.952
"388",2021-11-24,1.666
"389",2021-11-25,1.325
"390",2021-11-26,1.865
"391",2021-11-27,2.494
"392",2021-11-28,3.594
"393",2021-11-29,1.932
"394",2021-11-30,1.485
"395",2021-12-01,1.13
"396",2021-12-02,0.808
"397",2021-12-03,2.175
"398",2021-12-04,2.993
"399",2021-12-05,2.309
"400",2021-12-06,3.121
"401",2021-12-07,2.802
"402",2021-12-08,1.785
"403",2021-12-09,0.645
"404",2021-12-10,2.824
"405",2021-12-11,0.018
"406",2021-12-12,2.258
"407",2021-12-13,1.546
"408",2021-12-14,2.534
"409",2021-12-15,2.071
"410",2021-12-16,1.135
"411",2021-12-17,2.118
"412",2021-12-18,2.491
"413",2021-12-19,0
"414",2021-12-20,2.29
"415",2021-12-21,2.559
"416",2021-12-22,4.317
"417",2021-12-23,2.284
"418",2021-12-24,2.167
"419",2021-12-25,2.563
"420",2021-12-26,2.028
"421",2021-12-27,2.409
"422",2021-12-28,3.208
"423",2021-12-29,2.353
"424",2021-12-30,1.417
"425",2021-12-31,2.398
"426",2022-01-01,1.696
"427",2022-01-02,2.578
"428",2022-01-03,2.715
"429",2022-01-04,2.018
"430",2022-01-05,2.291
"431",2022-01-06,3.396
"432",2022-01-07,4.176
"433",2022-01-08,2.556
"434",2022-01-09,2.69
"435",2022-01-10,2.893
"436",2022-01-11,2.186
"437",2022-01-12,0
"438",2022-01-13,2.242
"439",2022-01-14,2.327
"440",2022-01-15,2.506
"441",2022-01-16,2.895
"442",2022-01-17,2.727
"443",2022-01-18,2.446
"444",2022-01-19,2.372
"445",2022-01-20,2.725
"446",2022-01-21,2.638
"447",2022-01-22,2.596
"448",2022-01-23,2.678
"449",2022-01-24,2.531
"450",2022-01-25,2.222
"451",2022-01-26,2.754
"452",2022-01-27,3.223
"453",2022-01-28,2.082
"454",2022-01-29,1.795
"455",2022-01-30,2.708
"456",2022-01-31,2.071
"457",2022-02-01,1.785
"458",2022-02-02,2.166
"459",2022-02-03,2.642
"460",2022-02-04,2.731
"461",2022-02-05,2.069
"462",2022-02-06,1.727
"463",2022-02-07,2.863
"464",2022-02-08,1.633
"465",2022-02-09,1.9
"466",2022-02-10,1.788
"467",2022-02-11,2.757
"468",2022-02-12,3.322
"469",2022-02-13,2.082
"470",2022-02-14,2.184
"471",2022-02-15,1.795
"472",2022-02-16,2.119
"473",2022-02-17,2.374
"474",2022-02-18,1.94
"475",2022-02-19,1.84
"476",2022-02-20,2.41
"477",2022-02-21,2.261
"478",2022-02-22,2.346
"479",2022-02-23,2.236
"480",2022-02-24,2.648
"481",2022-02-25,2.058
"482",2022-02-26,2.224
"483",2022-02-27,1.285
"484",2022-02-28,2.061
"485",2022-03-01,3.247
"486",2022-03-02,1.625
"487",2022-03-03,2.798
"488",2022-03-04,1.742
"489",2022-03-05,1.944
"490",2022-03-06,2.756
"491",2022-03-07,2.778
"492",2022-03-08,2.509
"493",2022-03-09,1.964
"494",2022-03-10,0.836
"495",2022-03-11,2.138
"496",2022-03-12,1.421
"497",2022-03-13,1.669
"498",2022-03-14,2.008
"499",2022-03-15,1.337
"500",2022-03-16,1.333
"501",2022-03-17,1.807
"502",2022-03-18,1.701
"503",2022-03-19,1.774
"504",2022-03-20,2.147
"505",2022-03-21,2.278
"506",2022-03-22,1.336
"507",2022-03-23,1.395
"508",2022-03-24,1.485
"509",2022-03-25,1.551
"510",2022-03-26,0.834
"511",2022-03-27,1.146
"512",2022-03-28,1.18
"513",2022-03-29,1.308
"514",2022-03-30,1.219
"515",2022-03-31,2.86
"516",2022-04-01,1.455
"517",2022-04-02,1.499
"518",2022-04-03,1.766
"519",2022-04-04,1.609
"520",2022-04-05,2.093
"521",2022-04-06,0.735
"522",2022-04-07,1.547
"523",2022-04-08,1.589
"524",2022-04-09,1.417
"525",2022-04-10,1.388
"526",2022-04-11,0.967
"527",2022-04-12,1.365
"528",2022-04-13,0.703
"529",2022-04-14,0.63
"530",2022-04-15,0.19
"531",2022-04-16,0.639
"532",2022-04-17,0.367
"533",2022-04-18,0.693
"534",2022-04-19,0.458
"535",2022-04-20,1.154
"536",2022-04-21,0.242
"537",2022-04-22,0.66
"538",2022-04-23,0.367
"539",2022-04-24,0.4
"540",2022-04-25,0.872
"541",2022-04-26,0.114
"542",2022-04-27,0.887
"543",2022-04-28,0.311
"544",2022-04-29,0.672
"545",2022-04-30,0.269
"546",2022-05-01,0.753
"547",2022-05-02,1.795
"548",2022-05-03,0.279
"549",2022-05-04,0.256
"550",2022-05-05,0.582
"551",2022-05-06,0.438
"552",2022-05-07,0.289
"553",2022-05-08,0.695
"554",2022-05-09,0.876
"555",2022-05-10,0.617
"556",2022-05-11,0.38
"557",2022-05-12,0.648
"558",2022-05-13,0.662
"559",2022-05-14,0.606
"560",2022-05-15,0.306
"561",2022-05-16,0
"562",2022-05-17,0
"563",2022-05-18,0
"564",2022-05-19,0
"565",2022-05-20,0.111
"566",2022-05-21,0.972
"567",2022-05-22,1.116
"568",2022-05-23,0.595
"569",2022-05-24,0.116
"570",2022-05-25,0.641
"571",2022-05-26,0.146
"572",2022-05-27,0.467
"573",2022-05-28,0.164
"574",2022-05-29,0.23
"575",2022-05-30,0.52
"576",2022-05-31,0.469
"577",2022-06-01,0.575
"578",2022-06-02,0.157
"579",2022-06-03,1.293
"580",2022-06-04,0.136
"581",2022-06-05,0.538
"582",2022-06-06,0.449
"583",2022-06-07,0.596
"584",2022-06-08,1.291
"585",2022-06-09,0.169
"586",2022-06-10,0.658
"587",2022-06-11,0.061
"588",2022-06-12,0.166
"589",2022-06-13,0.577
"590",2022-06-14,1.542
"591",2022-06-15,0.222
"592",2022-06-16,1.732
"593",2022-06-17,0.474
"594",2022-06-18,0.712
"595",2022-06-19,0.181
"596",2022-06-20,0.757
"597",2022-06-21,0.274
"598",2022-06-22,2.109
"599",2022-06-23,0.517
"600",2022-06-24,0.064
"601",2022-06-25,0
"602",2022-06-26,0
"603",2022-06-27,0
"604",2022-06-28,0.217
"605",2022-06-29,0.354
"606",2022-06-30,0.588
"607",2022-07-01,0.607
"608",2022-07-02,0.39
"609",2022-07-03,0.992
"610",2022-07-04,0.506
"611",2022-07-05,0.076
"612",2022-07-06,0.268
"613",2022-07-07,0.221
"614",2022-07-08,0.485
"615",2022-07-09,0
"616",2022-07-10,0.323
"617",2022-07-11,0.631
"618",2022-07-12,0.772
"619",2022-07-13,0.138
"620",2022-07-14,0.155
"621",2022-07-15,0.41
"622",2022-07-16,0
"623",2022-07-17,0.081
"624",2022-07-18,0
"625",2022-07-19,0
"626",2022-07-20,0
"627",2022-07-21,0
"628",2022-07-22,0
"629",2022-07-23,0.148
"630",2022-07-24,0
"631",2022-07-25,0
"632",2022-07-26,0
"633",2022-07-27,0
"634",2022-07-28,0
"635",2022-07-29,0.212
"636",2022-07-30,0.061
"637",2022-07-31,0.119
"638",2022-08-01,0.317
"639",2022-08-02,0.293
"640",2022-08-03,0.478
"641",2022-08-04,0.389
"642",2022-08-05,0.471
"643",2022-08-06,0.15
"644",2022-08-07,0.472
"645",2022-08-08,0.171
"646",2022-08-09,0.517
"647",2022-08-10,0.405
"648",2022-08-11,0.193
"649",2022-08-12,0.382
"650",2022-08-13,0.302
"651",2022-08-14,0.217
"652",2022-08-15,0.325
"653",2022-08-16,0.33
"654",2022-08-17,0.398
"655",2022-08-18,0.477
"656",2022-08-19,0.913
"657",2022-08-20,0.347
"658",2022-08-21,0.289
"659",2022-08-22,0.717
"660",2022-08-23,0.891
"661",2022-08-24,0.278
"662",2022-08-25,0.321
"663",2022-08-26,0.378
"664",2022-08-27,0.558
"665",2022-08-28,0.915
"666",2022-08-29,0.248
"667",2022-08-30,0.667
"668",2022-08-31,0.529
"669",2022-09-01,0.865
"670",2022-09-02,0.412
"671",2022-09-03,0.644
"672",2022-09-04,0.059
"673",2022-09-05,0.546
"674",2022-09-06,0.342
"675",2022-09-07,0.276
"676",2022-09-08,0.252
"677",2022-09-09,0.356
"678",2022-09-10,0.803
"679",2022-09-11,0.635
"680",2022-09-12,0.567
"681",2022-09-13,0.274
"682",2022-09-14,0.758
"683",2022-09-15,0.37
"684",2022-09-16,0
"685",2022-09-17,0
"686",2022-09-18,0
"687",2022-09-19,0.443
"688",2022-09-20,0.122
"689",2022-09-21,0.421
"690",2022-09-22,0.02
"691",2022-09-23,0.098
"692",2022-09-24,0.263
"693",2022-09-25,0.591
"694",2022-09-26,0.445
"695",2022-09-27,0.427
"696",2022-09-28,0.245
"697",2022-09-29,0.619
"698",2022-09-30,0.132
"699",2022-10-01,0.31
"700",2022-10-02,0.682
"701",2022-10-03,0.304
"702",2022-10-04,0.205
"703",2022-10-05,0.979
"704",2022-10-06,0.305
"705",2022-10-07,0.113
"706",2022-10-08,0.233
"707",2022-10-09,0.207
"708",2022-10-10,0.332
"709",2022-10-11,0.532
"710",2022-10-12,0.094
"711",2022-10-13,0.53
"712",2022-10-14,1.161
"713",2022-10-15,0.152
"714",2022-10-16,0.095
"715",2022-10-17,0.875
"716",2022-10-18,0.234
"717",2022-10-19,0.323
"718",2022-10-20,0.587
"719",2022-10-21,0.412
"720",2022-10-22,0.223
"721",2022-10-23,0.401
"722",2022-10-24,1.284
"723",2022-10-25,0.233
"724",2022-10-26,0.108
"725",2022-10-27,0.999
"726",2022-10-28,0.66
"727",2022-10-29,0.299
"728",2022-10-30,0.464
"729",2022-10-31,0.139
"730",2022-11-01,1.085
"731",2022-11-02,0.043
"732",2022-11-03,0.209
"733",2022-11-04,0.789
"734",2022-11-05,1.179
"735",2022-11-06,0.3
"736",2022-11-07,0.22
"737",2022-11-08,0.98
"738",2022-11-09,0.334
"739",2022-11-10,0.292
"740",2022-11-11,0.375
"741",2022-11-12,0.274
"742",2022-11-13,1.392
"743",2022-11-14,0.121
"744",2022-11-15,0.647
"745",2022-11-16,0.398
"746",2022-11-17,0.499
"747",2022-11-18,1.278
"748",2022-11-19,0.196
"749",2022-11-20,0.676
"750",2022-11-21,0.306
"751",2022-11-22,0.499
"752",2022-11-23,0.158
"753",2022-11-24,0.564
"754",2022-11-25,0.087
"755",2022-11-26,0
"756",2022-11-27,0
"757",2022-11-28,0.141
"758",2022-11-29,1.558
"759",2022-11-30,0.689
"760",2022-12-01,1.649
"761",2022-12-02,1.463
"762",2022-12-03,2.004
"763",2022-12-04,1.537
"764",2022-12-05,1.709
"765",2022-12-06,1.124
"766",2022-12-07,1.98
"767",2022-12-08,1.496
"768",2022-12-09,2.76
"769",2022-12-10,2.612
"770",2022-12-11,2.676
"771",2022-12-12,2.486
"772",2022-12-13,2.061
"773",2022-12-14,2.199
"774",2022-12-15,3.086
"775",2022-12-16,1.997
"776",2022-12-17,2.297
"777",2022-12-18,2.678
"778",2022-12-19,1.156
"779",2022-12-20,1.098
"780",2022-12-21,1.129
"781",2022-12-22,0.902
"782",2022-12-23,1.557
"783",2022-12-24,2.083
"784",2022-12-25,0.704
"785",2022-12-26,1.699
"786",2022-12-27,2.097
"787",2022-12-28,2.533
"788",2022-12-29,1.999
"789",2022-12-30,1.492
"790",2022-12-31,1.12
"791",2023-01-01,0.88
"792",2023-01-02,1.309
"793",2023-01-03,1.121
"794",2023-01-04,1.844
"795",2023-01-05,0.8
"796",2023-01-06,0.721
"797",2023-01-07,1.294
"798",2023-01-08,1.691
"799",2023-01-09,1.12
"800",2023-01-10,1.525
"801",2023-01-11,3
"802",2023-01-12,0.747
"803",2023-01-13,1.787
"804",2023-01-14,1.414
"805",2023-01-15,1.013
"806",2023-01-16,2.12
"807",2023-01-17,1.648
"808",2023-01-18,3.75
"809",2023-01-19,2.279
"810",2023-01-20,3.281
"811",2023-01-21,2.331
"812",2023-01-22,2.632
"813",2023-01-23,2.615
"814",2023-01-24,2.063
"815",2023-01-25,2.641
"816",2023-01-26,1.805
"817",2023-01-27,1.498
"818",2023-01-28,0.691
"819",2023-01-29,1.606
"820",2023-01-30,1.097
"821",2023-01-31,1.774
"822",2023-02-01,0.892
"823",2023-02-02,0.942
"824",2023-02-03,2.262
"825",2023-02-04,1.162
"826",2023-02-05,1.531
"827",2023-02-06,1.582
"828",2023-02-07,0.908
"829",2023-02-08,0.872
"830",2023-02-09,1.581
"831",2023-02-10,1.747
"832",2023-02-11,1.73
"833",2023-02-12,1.126
"834",2023-02-13,1.031
"835",2023-02-14,1.786
"836",2023-02-15,0.807
"837",2023-02-16,1.441
"838",2023-02-17,1.131
"839",2023-02-18,1.113
"840",2023-02-19,0.896
"841",2023-02-20,1.124
"842",2023-02-21,0.771
"843",2023-02-22,0.826
"844",2023-02-23,0.925
"845",2023-02-24,1.08
"846",2023-02-25,1.446
"847",2023-02-26,1.857
"848",2023-02-27,1.159
"849",2023-02-28,1.408
"850",2023-03-01,1.182
"851",2023-03-02,1.587
"852",2023-03-03,1.036
"853",2023-03-04,1.583
"854",2023-03-05,1.044
"855",2023-03-06,1.808
"856",2023-03-07,1.549
"857",2023-03-08,1.462
"858",2023-03-09,1.675
"859",2023-03-10,1.608
"860",2023-03-11,2.022
"861",2023-03-12,1.156
"862",2023-03-14,0.975
"863",2023-03-15,1.811
"864",2023-03-16,1.2
"865",2023-03-17,1.242
"866",2023-03-18,1.035
"867",2023-03-19,1.479
"868",2023-03-20,1.109
"869",2023-03-21,1.119
"870",2023-03-22,1.41
"871",2023-03-23,1.076
"872",2023-03-24,1.145
"873",2023-03-25,1.895
"874",2023-03-26,0.773
"875",2023-03-27,1.142
"876",2023-03-28,0.966
"877",2023-03-29,1.043
"878",2023-03-30,1.08
"879",2023-03-31,1.051
"880",2023-04-01,1.952
"881",2023-04-02,1.553
"882",2023-04-03,1.334
"883",2023-04-04,0.86
"884",2023-04-05,1.429
"885",2023-04-06,0.976
"886",2023-04-07,1.227
"887",2023-04-08,0.052
"888",2023-04-09,0
"889",2023-04-10,0.094
"890",2023-04-11,1.374
"891",2023-04-12,0.735
"892",2023-04-13,0.521
"893",2023-04-14,0.209
"894",2023-04-15,0.596
"895",2023-04-16,0.678
"896",2023-04-17,0.696
"897",2023-04-18,0.361
"898",2023-04-19,0.099
"899",2023-04-20,0.926
"900",2023-04-21,0.478
"901",2023-04-22,0.445
"902",2023-04-23,0.633
"903",2023-04-24,0.874
"904",2023-04-25,0.431
"905",2023-04-26,0.089
"906",2023-04-27,0.296
"907",2023-04-28,0.614
"908",2023-04-29,1.398
"909",2023-04-30,0.166
"910",2023-05-01,0.567
"911",2023-05-02,0.7
"912",2023-05-03,0.092
"913",2023-05-04,0.197
"914",2023-05-05,0.423
"915",2023-05-06,0.642
"916",2023-05-07,0.633
"917",2023-05-08,0.792
"918",2023-05-09,0.97
"919",2023-05-10,0.664
"920",2023-05-11,0.33
"921",2023-05-12,1.398
"922",2023-05-13,0.676
"923",2023-05-14,0.562
"924",2023-05-15,0.495
"925",2023-05-16,0.274
"926",2023-05-17,0.753
"927",2023-05-18,0.138
"928",2023-05-19,0.183
"929",2023-05-20,1.431
"930",2023-05-21,0.237
"931",2023-05-22,0.363
"932",2023-05-23,1.089
"933",2023-05-24,0.151
"934",2023-05-25,0.353
"935",2023-05-26,0.244
"936",2023-05-27,0.696
"937",2023-05-28,0.517
"938",2023-05-29,0.642
"939",2023-05-30,0.747
"940",2023-05-31,0.705
"941",2023-06-01,0.141
"942",2023-06-02,0.15
"943",2023-06-03,0.67
"944",2023-06-04,0.185
"945",2023-06-05,0.705
"946",2023-06-06,0.706
"947",2023-06-07,0.236
"948",2023-06-08,0.201
"949",2023-06-09,0.667
"950",2023-06-10,0
"951",2023-06-11,0
"952",2023-06-12,0.169
"953",2023-06-13,0.98
"954",2023-06-14,0.271
"955",2023-06-15,0.467
"956",2023-06-16,0.177
"957",2023-06-17,0.177
"958",2023-06-18,0.712
"959",2023-06-19,0.587
"960",2023-06-20,0.367
"961",2023-06-21,0.333
"962",2023-06-22,0.68
"963",2023-06-23,0.27
"964",2023-06-24,0.085
"965",2023-06-25,0.278
"966",2023-06-26,0.189
"967",2023-06-27,0.159
"968",2023-06-28,0.091
"969",2023-06-29,0.079
"970",2023-06-30,0.044
"971",2023-07-01,0.291
"972",2023-07-02,0.03
"973",2023-07-03,0.238
"974",2023-07-04,0.106
"975",2023-07-05,0
"976",2023-07-06,0
"977",2023-07-07,0.167
"978",2023-07-08,0.232
"979",2023-07-09,0.148
"980",2023-07-10,0.065
"981",2023-07-11,0.466
"982",2023-07-12,0.361
"983",2023-07-13,0.369
"984",2023-07-14,0.559
"985",2023-07-15,0.554
"986",2023-07-16,0.808
"987",2023-07-17,1.544
"988",2023-07-18,0.563
"989",2023-07-19,0.655
"990",2023-07-20,0.474
"991",2023-07-21,0
"992",2023-07-22,0
"993",2023-07-23,0.066
"994",2023-07-24,0.923
"995",2023-07-25,0.749
"996",2023-07-26,0.499
"997",2023-07-27,0.134
"998",2023-07-28,0.293
"999",2023-07-29,0
"1000",2023-07-30,0.156
"1001",2023-07-31,0.717
"1002",2023-08-01,0.385
"1003",2023-08-02,0.411
"1004",2023-08-03,1.196
"1005",2023-08-04,0.288
"1006",2023-08-05,0.353
"1007",2023-08-06,0.969
"1008",2023-08-07,0.344
"1009",2023-08-08,0.501
"1010",2023-08-09,0.29
"1011",2023-08-10,0.51
"1012",2023-08-11,0
"1013",2023-08-12,0
"1014",2023-08-13,0.012
"1015",2023-08-14,0.075
"1016",2023-08-15,0.296
"1017",2023-08-16,0.039
"1018",2023-08-17,0.158
"1019",2023-08-18,0.125
"1020",2023-08-19,0.55
"1021",2023-08-20,0.218
"1022",2023-08-21,0.122
"1023",2023-08-22,0.233
"1024",2023-08-23,0.428
"1025",2023-08-24,0.467
"1026",2023-08-25,0.508
"1027",2023-08-26,0.355
"1028",2023-08-27,0.36
"1029",2023-08-28,0.443
"1030",2023-08-29,0
"1031",2023-08-30,0
"1032",2023-08-31,0.32
"1033",2023-09-01,0.33
"1034",2023-09-02,0.372
"1035",2023-09-03,0.578
"1036",2023-09-04,0.358
"1037",2023-09-05,0.522
"1038",2023-09-06,0.131
"1039",2023-09-07,1.018
"1040",2023-09-08,0.305
"1041",2023-09-09,0.186
"1042",2023-09-10,0.048
"1043",2023-09-11,0.248
"1044",2023-09-12,0.316
"1045",2023-09-13,0.021
"1046",2023-09-14,0.596
"1047",2023-09-15,0.553
"1048",2023-09-16,0.338
"1049",2023-09-17,0.303
"1050",2023-09-18,0.43
"1051",2023-09-19,1.035
"1052",2023-09-20,0.746
"1053",2023-09-21,0.732
"1054",2023-09-22,0.553
"1055",2023-09-23,0.412
"1056",2023-09-24,0.295
"1057",2023-09-25,0.507
"1058",2023-09-26,0.289
"1059",2023-09-27,0.643
"1060",2023-09-28,0.256
"1061",2023-09-29,0.177
"1062",2023-09-30,1.349
"1063",2023-10-01,0.033
"1064",2023-10-02,0.199
"1065",2023-10-03,0.411
"1066",2023-10-04,0.274
"1067",2023-10-07,0.008
"1068",2023-10-08,0.165
"1069",2023-10-09,0.531
"1070",2023-10-10,0.629
"1071",2023-10-11,1.006
"1072",2023-10-12,0.803
"1073",2023-10-13,0.373
"1074",2023-10-14,0.489
"1075",2023-10-15,0.188
"1076",2023-10-16,0.455
"1077",2023-10-17,0.654
"1078",2023-10-18,0.313
"1079",2023-10-19,0.763
"1080",2023-10-20,0.496
"1081",2023-10-21,0.945
"1082",2023-10-22,1.025
"1083",2023-10-23,0.579
"1084",2023-10-24,0.363
"1085",2023-10-25,0.067
"1086",2023-10-26,0.527
"1087",2023-10-27,0.241
"1088",2023-10-28,0.639
"1089",2023-10-29,0.588
"1090",2023-10-30,0.072
"1091",2023-10-31,0.359
"1092",2023-11-01,2.092
"1093",2023-11-02,0.977
"1094",2023-11-03,1.391
"1095",2023-11-04,1.063
"1096",2023-11-05,0.935
"1097",2023-11-06,1.621
"1098",2023-11-07,1.254
"1099",2023-11-08,1.38
"1100",2023-11-09,1.189
"1101",2023-11-10,1.449
"1102",2023-11-11,2.333
"1103",2023-11-12,1.535
"1104",2023-11-13,1.834
"1105",2023-11-14,0.615
"1106",2023-11-15,0.476
"1107",2023-11-18,0
"1108",2023-11-19,0
"1109",2023-11-20,0.109
"1110",2023-11-21,2.182
"1111",2023-11-22,2.199
"1112",2023-11-23,2.173
"1113",2023-11-24,1.477
"1114",2023-11-25,2.589
"1115",2023-11-26,2.339
"1116",2023-11-27,1.815
"1117",2023-11-28,1.983
"1118",2023-11-29,3.696
"1119",2023-11-30,3.195
"1120",2023-12-01,3.416
"1121",2023-12-02,4.002
"1122",2023-12-03,3.562
"1123",2023-12-04,2.558
"1124",2023-12-05,2.236
"1125",2023-12-06,0.006
"1126",2023-12-11,1.978
"1127",2023-12-12,1.977
"1128",2023-12-13,1.958
"1129",2023-12-14,2.224
"1130",2023-12-15,3.185
"1131",2023-12-16,1.751
"1132",2023-12-17,2.352
"1133",2023-12-18,1.605
"1134",2023-12-19,0.951
"1135",2023-12-20,2.033
"1136",2023-12-21,1.519
"1137",2023-12-22,1.11
"1138",2023-12-23,1.005
"1139",2023-12-24,1.057
"1140",2023-12-25,0.519
"1141",2023-12-26,0.418
"1142",2023-12-27,0
"1143",2023-12-28,0.589
"1144",2023-12-29,1.782
"1145",2023-12-30,1.414
"1146",2023-12-31,1.46
"1147",2024-01-01,1.132
"1148",2024-01-02,1.565
"1149",2024-01-03,1.223
"1150",2024-01-04,1.396
"1151",2024-01-05,0.758
"1152",2024-01-06,1.373
"1153",2024-01-07,3.305
"1154",2024-01-08,2.224
"1155",2024-01-09,2.353
"1156",2024-01-10,2.435
"1157",2024-01-11,1.64
"1158",2024-01-12,1.686
"1159",2024-01-13,1.902
"1160",2024-01-14,1.825
"1161",2024-01-15,2.022
"1162",2024-01-16,3.509
"1163",2024-01-17,1.718
"1164",2024-01-18,2.255
"1165",2024-01-19,3.188
"1166",2024-01-20,3.148
"1167",2024-01-21,1.661
"1168",2024-01-22,2.601
"1169",2024-01-23,1.577
"1170",2024-01-24,1.261
"1171",2024-01-25,1.469
"1172",2024-01-29,0.547
"1173",2024-01-30,0
"1174",2024-01-31,0
"1175",2024-02-01,0
"1176",2024-02-02,2.691
"1177",2024-02-03,1.518
"1178",2024-02-04,2.1
"1179",2024-02-05,1.631
"1180",2024-02-06,1.927
"1181",2024-02-07,1.713
"1182",2024-02-08,1.647
"1183",2024-02-09,1.125
"1184",2024-02-10,1.028
"1185",2024-02-11,1.077
"1186",2024-02-12,1.481
"1187",2024-02-13,1.564
"1188",2024-02-14,0.723
"1189",2024-02-15,1.452
"1190",2024-02-16,0.993
"1191",2024-02-17,2.265
"1192",2024-02-18,0
"1193",2024-02-21,0.868
"1194",2024-02-22,1.557
"1195",2024-02-23,1.146
"1196",2024-02-24,1.954
"1197",2024-02-25,1.88
"1198",2024-02-26,1.266
"1199",2024-02-27,2.068
"1200",2024-02-28,1.087
"1201",2024-02-29,0.486
"1202",2024-03-01,1.362
"1203",2024-03-02,1.303
"1204",2024-03-03,1.502
"1205",2024-03-04,2.078
"1206",2024-03-05,1.514
"1207",2024-03-06,1.291
"1208",2024-03-07,2.6
"1209",2024-03-08,1.644
"1210",2024-03-09,1.213
"1211",2024-03-10,0.741
"1212",2024-03-11,2.352
"1213",2024-03-12,1.241
"1214",2024-03-13,1.242
"1215",2024-03-14,0.668
"1216",2024-03-15,0.641
"1217",2024-03-16,1.244
"1218",2024-03-17,0.665
"1219",2024-03-18,0.67
"1220",2024-03-19,1.137
"1221",2024-03-20,0.907
"1222",2024-03-21,0.803
"1223",2024-03-22,0.492
"1224",2024-03-23,2.276
"1225",2024-03-24,1.547
"1226",2024-03-25,0.04
"1227",2024-03-28,1.957
"1228",2024-03-29,1.01
"1229",2024-03-30,0.644
"1230",2024-03-31,0.596
"1231",2024-04-01,1.029
"1232",2024-04-02,0.785
"1233",2024-04-03,0.463
"1234",2024-04-04,1.171
"1235",2024-04-05,1.296
"1236",2024-04-06,0.823
"1237",2024-04-07,1.516
"1238",2024-04-08,0.366
"1239",2024-04-09,0.531
"1240",2024-04-10,0.878
"1241",2024-04-11,0.613
"1242",2024-04-12,0.608
"1243",2024-04-13,0.882
"1244",2024-04-14,1.315
"1245",2024-04-15,1.473
"1246",2024-04-16,0.674
"1247",2024-04-17,0.915
"1248",2024-04-18,1.361
"1249",2024-04-19,0.547
"1250",2024-04-20,0.751
"1251",2024-04-21,0.777
"1252",2024-04-22,1.461
"1253",2024-04-23,0.608
"1254",2024-04-24,0.788
"1255",2024-04-25,0.85
"1256",2024-04-26,1.233
"1257",2024-04-27,0.862
"1258",2024-04-28,1.663
"1259",2024-04-29,0.377
"1260",2024-04-30,0.293
"1261",2024-05-03,0.211
"1262",2024-05-04,0.576
"1263",2024-05-05,0.867
"1264",2024-05-06,0.845
"1265",2024-05-07,0.43
"1266",2024-05-08,0.373
"1267",2024-05-09,0.239
"1268",2024-05-10,0.03
"1269",2024-05-11,0.554
"1270",2024-05-12,0.635
"1271",2024-05-13,0.279
"1272",2024-05-14,0.465
"1273",2024-05-15,0.482
"1274",2024-05-16,0.649
"1275",2024-05-17,1.078
"1276",2024-05-18,0.883
"1277",2024-05-19,0.692
"1278",2024-05-20,0.398
"1279",2024-05-21,0
"1280",2024-05-24,0.607
"1281",2024-05-25,0.497
"1282",2024-05-26,0.48
"1283",2024-05-27,0.724
"1284",2024-05-28,0.237
"1285",2024-05-29,0.003
"1286",2024-05-30,0
"1287",2024-05-31,0.275
"1288",2024-06-01,0.296
"1289",2024-06-02,0.287
"1290",2024-06-03,0
"1291",2024-06-04,0.027
"1292",2024-06-05,0.531
"1293",2024-06-06,0.984
"1294",2024-06-07,0.181
"1295",2024-06-08,0.386
"1296",2024-06-09,0.764
"1297",2024-06-10,0.567
"1298",2024-06-11,0.386
"1299",2024-06-12,0.191
"1300",2024-06-13,0.138
"1301",2024-06-14,0.207
"1302",2024-06-15,0.47
"1303",2024-06-16,0.363
"1304",2024-06-17,0.19
"1305",2024-06-18,0.625
"1306",2024-06-19,0.324
"1307",2024-06-20,0.212
"1308",2024-06-21,0.713
"1309",2024-06-22,0.285
"1310",2024-06-23,1.078
"1311",2024-06-24,0.602
"1312",2024-06-25,0.04
"1313",2024-06-26,0.454
"1314",2024-06-27,0.203
"1315",2024-06-28,0.122
"1316",2024-06-29,1.277
"1317",2024-06-30,1.345
"1318",2024-07-02,0.557
"1319",2024-07-03,0.224
"1320",2024-07-04,0.687
"1321",2024-07-05,0.133
"1322",2024-07-06,0.476
"1323",2024-07-07,0.987
"1324",2024-07-08,0.47
"1325",2024-07-09,0
"1326",2024-07-12,0.369
"1327",2024-07-13,0.852
"1328",2024-07-14,1.07
"1329",2024-07-15,0.272
"1330",2024-07-16,0.448
"1331",2024-07-17,1.07
"1332",2024-07-18,1.008
"1333",2024-07-19,1.138
"1334",2024-07-20,0.31
"1335",2024-07-21,0.991
"1336",2024-07-22,0.217
"1337",2024-07-23,0.449
"1338",2024-07-24,0.162
"1339",2024-07-25,0
"1340",2024-07-26,0
"1341",2024-07-27,0
"1342",2024-07-28,0.391
"1343",2024-07-29,0.46
"1344",2024-07-30,0.084
"1345",2024-07-31,0.375
"1346",2024-08-01,0.618
"1347",2024-08-02,0.623
"1348",2024-08-03,0.724
"1349",2024-08-07,0
"1350",2024-08-08,0
"1351",2024-08-09,0
"1352",2024-08-10,0
"1353",2024-08-11,0
"1354",2024-08-12,0.482
"1355",2024-08-13,0.278
"1356",2024-08-14,0.454
"1357",2024-08-15,0.113
"1358",2024-08-16,0
"1359",2024-08-17,0
"1360",2024-08-18,0.191
"1361",2024-08-19,0.021
"1362",2024-08-20,0.409
"1363",2024-08-21,0
"1364",2024-08-22,0
"1365",2024-08-23,0
"1366",2024-08-24,0
"1367",2024-08-27,0
"1368",2024-08-28,0
"1369",2024-08-29,0
"1370",2024-08-30,0
"1371",2024-08-31,0
"1372",2024-09-01,0.396
"1373",2024-09-02,1.06
"1374",2024-09-03,0.59
"1375",2024-09-04,0.453
"1376",2024-09-05,0.01
"1377",2024-09-06,0
"1378",2024-09-07,0
"1379",2024-09-08,0
"1380",2024-09-09,0.219
"1381",2024-09-10,0.955
"1382",2024-09-11,1.145
"1383",2024-09-12,0.27
"1384",2024-09-13,1.335
"1385",2024-09-14,0
"1386",2024-09-17,0.48
"1387",2024-09-18,0.433
"1388",2024-09-19,0.488
"1389",2024-09-20,0.399
"1390",2024-09-21,0
"1391",2024-09-22,0.016
"1392",2024-09-23,0.855
"1393",2024-09-24,1.124
"1394",2024-09-25,0.253
"1395",2024-09-26,0.273
"1396",2024-09-27,0.402
"1397",2024-09-28,1.028
"1398",2024-09-29,0.455
"1399",2024-09-30,1.004
"1400",2024-10-01,0.454
"1401",2024-10-02,0.603
"1402",2024-10-03,0.9
"1403",2024-10-04,0.26
"1404",2024-10-05,1.397
"1405",2024-10-06,1.5
"1406",2024-10-07,0.699
"1407",2024-10-08,0.395
"1408",2024-10-09,0.692
"1409",2024-10-10,0.416
"1410",2024-10-11,0.346
"1411",2024-10-12,0.455
"1412",2024-10-15,0.433
"1413",2024-10-16,0.931
"1414",2024-10-17,0.377
"1415",2024-10-18,1.328
"1416",2024-10-19,0.47
"1417",2024-10-20,1.675
"1418",2024-10-21,1.371
"1419",2024-10-22,0.684
"1420",2024-10-23,0.417
"1421",2024-10-24,0.37
"1422",2024-10-25,0.585
"1423",2024-10-26,0.252
"1424",2024-10-27,0.967
"1425",2024-10-28,0.288
"1426",2024-10-29,0.128
"1427",2024-10-30,0.154
"1428",2024-10-31,0.037
"1429",2024-11-01,0.871
"1430",2024-11-02,0.353
"1431",2024-11-03,0.672
"1432",2024-11-04,0.418
"1433",2024-11-05,0.354
"1434",2024-11-06,0.673
"1435",2024-11-07,0.356
"1436",2024-11-08,0.475
"1437",2024-11-09,0.719
"1438",2024-11-10,0.382
"1439",2024-11-13,0.518
"1440",2024-11-14,0.137
"1441",2024-11-15,0.096
"1442",2024-11-16,0.244
"1443",2024-11-17,1.298
"1444",2024-11-18,1.54
"1445",2024-11-19,0.892
"1446",2024-11-20,1.376
"1447",2024-11-21,1.122
"1448",2024-11-22,1.704
"1449",2024-11-23,1.399
"1450",2024-11-24,1.61
"1451",2024-11-25,0.753
"1452",2024-11-26,1.816
"1453",2024-11-27,0.795
"1454",2024-11-28,0.593
"1455",2024-11-29,1.497
"1456",2024-11-30,1.182
"1457",2024-12-01,0.411
"1458",2024-12-04,0.726
"1459",2024-12-05,1.448
"1460",2024-12-06,0.671
"1461",2024-12-07,1.293
"1462",2024-12-08,0.824
"1463",2024-12-09,0.813
"1464",2024-12-10,0.681
"1465",2024-12-11,0.937
"1466",2024-12-12,2.426
"1467",2024-12-13,1.795
"1468",2024-12-14,0.82
"1469",2024-12-15,1.348
"1470",2024-12-16,1.035
"1471",2024-12-17,1.573
"1472",2024-12-18,0.756
"1473",2024-12-19,2.103
"1474",2024-12-20,1.19
"1475",2024-12-21,0.74
"1476",2024-12-22,0.578
"1477",2024-12-25,1.175
"1478",2024-12-26,1.032
"1479",2024-12-27,0.618
"1480",2024-12-28,0.888
"1481",2024-12-29,1.089
"1482",2024-12-30,1.492
"1483",2024-12-31,2.99
"1484",2025-01-01,0.989
"1485",2025-01-02,1.094
"1486",2025-01-03,1.072
"1487",2025-01-04,1.943
"1488",2025-01-05,1.356
"1489",2025-01-06,1.682
"1490",2025-01-07,2.325
"1491",2025-01-08,1.589
"1492",2025-01-09,1.833
"1493",2025-01-10,1.984
"1494",2025-01-11,1.523
"1495",2025-01-12,0.068
"1496",2025-01-15,0.909
"1497",2025-01-16,1.334
"1498",2025-01-17,0.985
"1499",2025-01-18,0.803
"1500",2025-01-19,1.682
"1501",2025-01-20,1.643
"1502",2025-01-21,1.313
"1503",2025-01-22,1.411
"1504",2025-01-23,1.693
"1505",2025-01-24,1.513
"1506",2025-01-25,0.779
"1507",2025-01-26,1.583
"1508",2025-01-27,1.501
"1509",2025-01-28,1.439
"1510",2025-01-29,1.247
"1511",2025-01-30,1.072
"1512",2025-01-31,1.454
"1513",2025-02-01,0.868
"1514",2025-02-02,1.45
"1515",2025-02-03,1.359
"1516",2025-02-04,0.978
"1517",2025-02-05,0.9
"1518",2025-02-06,1.446
"1519",2025-02-07,1.884
"1520",2025-02-08,2.004
"1521",2025-02-09,1.645
"1522",2025-02-10,1.38
"1523",2025-02-11,1.551
"1524",2025-02-12,1.414
"1525",2025-02-13,1.09
"1526",2025-02-14,1.236
"1527",2025-02-15,1.562
"1528",2025-02-16,1.636
"1529",2025-02-17,1.914
"1530",2025-02-18,2.02
"1531",2025-02-19,2.136
"1532",2025-02-20,1.41
"1533",2025-02-21,0.806
"1534",2025-02-22,0.392
"1535",2025-02-23,0
"1536",2025-02-24,0.627
"1537",2025-02-25,0.911
"1538",2025-02-26,1.088
"1539",2025-02-27,1.339
"1540",2025-02-28,0.791
"1541",2025-03-01,1.676
"1542",2025-03-02,1.621
"1543",2025-03-03,0.967
"1544",2025-03-04,1.497
"1545",2025-03-05,1.114
"1546",2025-03-06,1.116
"1547",2025-03-07,0.619
"1548",2025-03-08,0.744
"1549",2025-03-09,0.547
"1550",2025-03-10,0.707
"1551",2025-03-11,0.731
"1552",2025-03-12,0.568
"1553",2025-03-13,1.048
"1554",2025-03-14,0
"1555",2025-03-15,2.428
"1556",2025-03-16,1.829
"1557",2025-03-17,1.226
"1558",2025-03-18,1.016
"1559",2025-03-19,0.676
"1560",2025-03-20,1.541
"1561",2025-03-21,0.778
"1562",2025-03-22,0.413
"1563",2025-03-23,0.881
"1564",2025-03-24,1.861
"1565",2025-03-25,0.759
"1566",2025-03-26,0.42
"1567",2025-03-27,0.953
"1568",2025-03-28,0.532
"1569",2025-03-29,0.364
"1570",2025-03-30,1.067
"1571",2025-03-31,1.23
"1572",2025-04-01,0.844
"1573",2025-04-02,0.85
"1574",2025-04-03,0.516
"1575",2025-04-04,0.432
"1576",2025-04-05,1.758
